# BEGIN YOAST REDIRECTS
<IfModule mod_rewrite.c>
RewriteEngine On
Redirect 301 /solar-panel-rooftop-installation-becoming-more-common-in-us/ /solar-panel-rooftop-installation-more-common-in-us/
Redirect 301 /solar-installers/bargain-electrical-ac-pty-ltd/ /solar-installers/bargain-electrical-ac/
Redirect 301 /app/ /advertise/app/
Redirect 301 /app/app-buyer-guide/ /app/buyer-guide/
Redirect 301 /app/app-calculator/ /app/calculator/
Redirect 301 /app/buyer-guide/ /apps/buyer-guide/
Redirect 301 /app/calculator/ /apps/calculator/
Redirect 301 /plug-in-cars/ /plug-in-cars-chevrolet-volt/
Redirect 301 /solar-installers/suntech-solar/ /solar-installers/ausuntech-solar/
</IfModule>
# END YOAST REDIRECTS
## increase memory size to upload bigger files increase memory limit
#php_value memory_limit 512M
#php_value post_max_size 16M
#php_value upload_max_filesize 32M
#php_value max_execution_time 6000000

<IfModule mod_alias.c>
	RedirectMatch 403 /xmlrpc.php
</IfModule>



# Fix HTTP image upload bug
<IfModule mod_security.c>
SecFilterEngine Off
SecFilterScanPOST Off
</IfModule>

# BEGIN 7listings
Header unset ETag
FileETag None
ExpiresActive On
ExpiresDefault "access plus 1 month"
ExpiresByType text/html "access plus 1 day"
ExpiresByType image/gif "access plus 10 years"
ExpiresByType image/jpeg "access plus 10 years"
ExpiresByType image/png "access plus 10 years"
#ExpiresByType text/css "access plus 3 months"
#ExpiresByType text/javascript "access plus 10 years"
ExpiresByType application/x-javascript "access plus 10 years"
SetOutputFilter DEFLATE
<FilesMatch ".(js|css|html|htm|php|xml)$">
SetOutputFilter DEFLATE
</FilesMatch>
# END 7listings

############################
## REDIRECTS FOR MIGRATION
############################
Redirect 301 /get-a-quote/ /get-solar-quotes/
Redirect 301 /feedback/ /about-us/feedback/
## BUYERS GUIDE
Redirect 301 /buyers-guide/the-basics-on-solar/ /buyers-guide/basics-on-solar-power/
Redirect 301 /buyers-guide/the-basics-on-solar/grid-connect-solar-vs-stand-alone-solar/ /buyers-guide/grid-connect-solar-vs-stand-alone-solar/
Redirect 301 /buyers-guide/solar-cost/ /buyers-guide/solar-panel-prices/
Redirect 301 /buyers-guide/the-basics-on-solar/how-many-solar-panels-will-you-need/ /buyers-guide/how-many-solar-panels-will-you-need/
Redirect 301 /buyers-guide/the-basics-on-solar/what-time-of-the-day-do-solar-panels-work/ /buyers-guide/when-do-solar-panels-work/
Redirect 301 /buyers-guide/the-basics-on-solar/what-direction-should-my-solar-panels-face/ /buyers-guide/what-direction-should-my-solar-panels-face/
Redirect 301 /buyers-guide/the-basics-on-solar/how-solar-panels-work/ /buyers-guide/how-solar-panels-work/
Redirect 301 /buyers-guide/the-basics-on-solar/solar-inverter/ /buyers-guide/solar-inverter/
Redirect 301 /buyers-guide/the-basics-on-solar/installation/ /buyers-guide/solar-panel-installation/
Redirect 301 /buyers-guide/the-basics-on-solar/solar-investment/ /buyers-guide/solar-investment/
Redirect 301 /buyers-guide/the-basics-on-solar/what-to-expect-when-you-choose-to-go-solar/ /buyers-guide/what-to-expect-when-you-choose-to-go-solar/
## RESOURCES
Redirect 301 /energy-efficiency/ /resources/energy-efficiency/
Redirect 301 /buyers-guide/solar-blog/ /resources/solar-blog/
Redirect 301 /buyers-guide/solar-glossary/ /resources/solar-glossary/
Redirect 301 /buyers-guide/the-basics-on-solar/australian-government/ /resources/australian-government/
Redirect 301 /buyers-guide/the-basics-on-solar/australian-government/clea-energy-regulator/ /resources/australian-government/clean-energy-regulator/
Redirect 301 /buyers-guide/the-basics-on-solar/australian-government/cec/ /resources/australian-government/cec/
Redirect 301 /solar-rebates/ /resources/solar-power-rebates/
Redirect 301 /solar-rebates/solar-rebate/ /resources/solar-power-rebates/solar-credits-rebate/
Redirect 301 /solar-rebates/solar-feed-in-tariff/ /resources/solar-power-rebates/solar-feed-in-tariff/
## WME backlinks
Redirect 301 /buyers-guide/basics-on-solar-power/australian-government/cec/ /resources/australian-government/cec/
## INSTALLERS
## Redirect 301 /find-solar-installer/ /solar-installers-page/find-solar-installer/
## LOCAL PAGES
############################
## QUEENSLAND
Redirect 301 /solar-power/qld-solar/ /solar-power/qld-solar-quotes/
Redirect 301 /solar-power/qld-solar/cairns-solar/ /solar-power/qld-solar-quotes/cairns-solar-quotes/
Redirect 301 /solar-power/qld-solar/townsville-solar/ /solar-power/qld-solar-quotes/townsville-solar-quotes/
Redirect 301 /solar-power/qld-solar/mackay/ /solar-power/qld-solar-quotes/mackay-solar-quotes/
Redirect 301 /solar-power/qld-solar/rockhampton/ /solar-power/qld-solar-quotes/rockhampton-solar-quotes/
Redirect 301 /solar-power/qld-solar/port-douglas-solar/ /solar-power/qld-solar-quotes/port-douglas-solar-quotes/
Redirect 301 /solar-power/qld-solar/hervey-bay-solar/ /solar-power/qld-solar-quotes/hervey-bay-solar-quotes/
Redirect 301 /solar-power/qld-solar/brisbane-solar/ /solar-power/qld-solar-quotes/brisbane-solar-quotes/
Redirect 301 /solar-power/qld-solar/gold-coast-solar/ /solar-power/qld-solar-quotes/gold-coast-solar-quotes/
Redirect 301 /solar-power/qld-solar/sunshine-coast-solar/ /solar-power/qld-solar-quotes/sunshine-coast-solar-quotes/
## QUEENSLAND - new
Redirect 301 /solar-power/qld-solar-quotes/ /solar-power/queensland/
Redirect 301 /solar-power/qld-solar-quotes/cairns-solar-quotes/ /solar-power/queensland/cairns-solar-quotes/
Redirect 301 /solar-power/qld-solar-quotes/townsville-solar-quotes/ /solar-power/queensland/townsville-solar-quotes/
Redirect 301 /solar-power/qld-solar-quotes/mackay-solar-quotes/ /solar-power/queensland/mackay-solar-quotes/
Redirect 301 /solar-power/qld-solar-quotes/rockhampton-solar-quotes/ /solar-power/queensland/rockhampton-solar-quotes/
Redirect 301 /solar-power/qld-solar-quotes/port-douglas-solar-quotes/ /solar-power/queensland/port-douglas-solar-quotes/
Redirect 301 /solar-power/qld-solar-quotes/hervey-bay-solar-quotes/ /solar-power/queensland/hervey-bay-solar-quotes/
Redirect 301 /solar-power/qld-solar-quotes/brisbane-solar-quotes/ /solar-power/queensland/brisbane-solar-quotes/
Redirect 301 /solar-power/qld-solar-quotes/gold-coast-solar-quotes/ /solar-power/queensland/gold-coast-solar-quotes/
Redirect 301 /solar-power/qld-solar-quotes/sunshine-coast-solar-quotes/ /solar-power/queensland/sunshine-coast-solar-quotes/
## solar company that does not exist
## WME backlinks
Redirect 301 /qld-solar-quotes/ /solar-power/queensland/
## NSW
Redirect 301 /solar-power/nsw-solar/ /solar-power/nsw-solar-quotes/
Redirect 301 /solar-power/nsw-solar/sydney-solar/ /solar-power/nsw-solar-quotes/sydney-solar-quotes/
Redirect 301 /solar-power/nsw-solar/newcastle/ /solar-power/nsw-solar-quotes/newcastle-solar-quotes/
Redirect 301 /solar-power/nsw-solar/wollongong/ /solar-power/nsw-solar-quotes/wollongong-solar-quotes/
Redirect 301 /solar-power/nsw-solar/byron-bay-solar/ /solar-power/nsw-solar-quotes/byron-bay-solar-quotes/
Redirect 301 /solar-power/nsw-solar/tweed-heads-solar/ /solar-power/nsw-solar-quotes/tweed-heads-solar-quotes/
Redirect 301 /solar-power/nsw-solar/orange/ /solar-power/nsw-solar-quotes/orange-solar-quotes/
## NSW - new
Redirect 301 /solar-power/nsw-solar-quotes/ /solar-power/new-south-wales/
Redirect 301 /solar-power/nsw-solar-quotes/sydney-solar-quotes/ /solar-power/new-south-wales/sydney-solar-quotes/
Redirect 301 /solar-power/nsw-solar-quotes/newcastle-solar-quotes/ /solar-power/new-south-wales/newcastle-solar-quotes/
Redirect 301 /solar-power/nsw-solar-quotes/wollongong-solar-quotes/ /solar-power/new-south-wales/wollongong-solar-quotes/
Redirect 301 /solar-power/nsw-solar-quotes/byron-bay-solar-quotes/ /solar-power/new-south-wales/byron-bay-solar-quotes/
Redirect 301 /solar-power/nsw-solar-quotes/tweed-heads-solar-quotes/ /solar-power/new-south-wales/tweed-heads-solar-quotes/
Redirect 301 /solar-power/nsw-solar-quotes/orange-solar-quotes/ /solar-power/new-south-wales/orange-solar-quotes/
## WME backlinks
Redirect 301 /solar-power/nsw-solar/tweed-heads-solar/ /solar-power/new-south-wales/tweed-heads-solar-quotes/
Redirect 301 /solar-power/nsw-solar/sydney-solar/ /solar-power/new-south-wales/sydney-solar-quotes/
Redirect 301 /solar-power/nsw-solar/byron-bay-solar/ /solar-power/new-south-wales/byron-bay-solar-quotes/
## VIC
Redirect 301 /solar-power/vic-solar/ /solar-power/vic-solar-quotes/
Redirect 301 /solar-power/vic-solar/melbourne-solar/ /solar-power/vic-solar-quotes/melbourne-solar-quotes/
Redirect 301 /solar-power/vic-solar/geelong/ /solar-power/vic-solar-quotes/geelong-solar-quotes/
Redirect 301 /solar-power/vic-solar/bendigo/ /solar-power/vic-solar-quotes/bendigo-solar-quotes/
Redirect 301 /solar-power/vic-solar/gippsland-solar/ /solar-power/vic-solar-quotes/gippsland-solar-quotes/
## VIC - new
Redirect 301 /solar-power/vic-solar-quotes/ /solar-power/victoria/
Redirect 301 /solar-power/vic-solar-quotes/melbourne-solar-quotes/ /solar-power/victoria/melbourne-solar-quotes/
Redirect 301 /solar-power/vic-solar-quotes/geelong-solar-quotes/ /solar-power/victoria/geelong-solar-quotes/
Redirect 301 /solar-power/vic-solar-quotes/bendigo-solar-quotes/ /solar-power/victoria/bendigo-solar-quotes/
Redirect 301 /solar-power/vic-solar-quotes/gippsland-solar-quotes/ /solar-power/victoria/gippsland-solar-quotes/
## WME backlinks
Redirect 301 /solar-power/vic-solar/gippsland-solar/ /solar-power/victoria/gippsland-solar-quotes/
Redirect 301 /solar-power/vic-solar/melbourne-solar/ /solar-power/victoria/melbourne-solar-quotes/
## SA
Redirect 301 /solar-power/sa-solar/ /solar-power/sa-solar-quotes/
Redirect 301 /solar-power/sa-solar/adelaide-solar/ /solar-power/sa-solar-quotes/adelaide-solar-quotes/
Redirect 301 /solar-power/sa-solar/mt-gambier/ /solar-power/sa-solar-quotes/mt-gambier-solar-quotes/
## SA - new
Redirect 301 /solar-power/sa-solar-quotes/ /solar-power/south-australia/
Redirect 301 /solar-power/sa-solar-quotes/adelaide-solar-quotes/ /solar-power/south-australia/adelaide-solar-quotes/
Redirect 301 /solar-power/sa-solar-quotes/mt-gambier-solar-quotes/ /solar-power/south-australia/mt-gambier-solar-quotes/
## WME backlinks
Redirect 301 /solar-power/sa-solar/adelaide-solar/ /solar-power/south-australia/adelaide-solar-quotes/
## TAS
Redirect 301 /solar-power/tasmania-solar/ /solar-power/tasmania-solar-quotes/
Redirect 301 /solar-power/tasmania-solar/hobart/ /solar-power/tasmania-solar-quotes/hobart-solar-quotes/
## TAS - new
Redirect 301 /solar-power/tasmania-solar-quotes/ /solar-power/tasmania/
Redirect 301 /solar-power/tasmania-solar-quotes/hobart-solar-quotes/ /solar-power/tasmania/hobart-solar-quotes/
## WA
Redirect 301 /solar-power/wa-solar/ /solar-power/wa-solar-quotes/
Redirect 301 /solar-power/wa-solar/perth-solar/ /solar-power/wa-solar-quotes/perth-solar-quotes/
Redirect 301 /solar-power/wa-solar/fremantle/ /solar-power/wa-solar-quotes/fremantle-solar-quotes/
Redirect 301 /solar-power/wa-solar/rockingham/ /solar-power/wa-solar-quotes/rockingham-solar-quotes/
## WA - new
Redirect 301 /solar-power/wa-solar-quotes/ /solar-power/western-australia/
Redirect 301 /solar-power/wa-solar-quotes/perth-solar-quotes/ /solar-power/western-australia/perth-solar-quotes/
Redirect 301 /solar-power/wa-solar-quotes/fremantle-solar-quotes/ /solar-power/western-australia/fremantle-solar-quotes/
Redirect 301 /solar-power/wa-solar-quotes/rockingham-solar-quotes/ /solar-power/western-australia/rockingham-solar-quotes/
## WME backlinks
Redirect 301 /solar-power/wa-solar/davenport-solar/  /solar-power/western-australia/
Redirect 301 /solar-power/wa-solar/perth-solar/ /solar-power/western-australia/perth-solar-quotes/
Redirect 301 /solar-power/wa-solar/fremantle/ /solar-power/western-australia/fremantle-solar-quotes/
## NT
Redirect 301 /solar-power/nt-solar/ /solar-power/nt-solar-quotes/
Redirect 301 /solar-power/nt-solar/darwin/ /solar-power/nt-solar-quotes/darwin-solar-quotes/
Redirect 301 /solar-power/nt-solar/alice-springs/ /solar-power/nt-solar-quotes/alice-springs-solar-quotes/
## NT - new
Redirect 301 /solar-power/nt-solar-quotes/ /solar-power/northern-territory/
Redirect 301 /solar-power/nt-solar-quotes/darwin-solar-quotes/ /solar-power/northern-territory/darwin-solar-quotes/
Redirect 301 /solar-power/nt-solar-quotes/alice-springs-solar-quotes/ /solar-power/northern-territory/alice-springs-solar-quotes/
## Redirect 301 /OLD/ /NEW/
Redirect 301 /installers-join-now/installer-signup/reject-lead/ /login



## CHANGE OF CITY PAGES
## QUEENSLAND
Redirect 301 /solar-power/queensland/cairns-solar-quotes/ /solar-power/queensland/cairns/
Redirect 301 /solar-power/queensland/solar-power/queensland/townsville-solar-quotes/ /solar-power/queensland/townsville/
Redirect 301 /solar-power/queensland/solar-power/queensland/mackay-solar-quotes/ /solar-power/queensland/mackay/
Redirect 301 /solar-power/queensland/solar-power/queensland/rockhampton-solar-quotes/ /solar-power/queensland/rockhampton/
Redirect 301 /solar-power/queensland/solar-power/queensland/port-douglas-solar-quotes/ /solar-power/queensland/port-douglas/
Redirect 301 /solar-power/queensland/solar-power/queensland/hervey-bay-solar-quotes/ /solar-power/queensland/hervey-bay/
Redirect 301 /solar-power/queensland/solar-power/queensland/brisbane-solar-quotes/ /solar-power/queensland/brisbane/
Redirect 301 /solar-power/queensland/solar-power/queensland/gold-coast-solar-quotes/ /solar-power/queensland/gold-coast/
Redirect 301 /solar-power/queensland/solar-power/queensland/sunshine-coast-solar-quotes/ /solar-power/queensland/sunshine-coast/

## NSW
Redirect 301 /solar-power/new-south-wales/sydney-solar-quotes/ /solar-power/new-south-wales/sydney/
Redirect 301 /solar-power/new-south-wales/newcastle-solar-quotes/ /solar-power/new-south-wales/newcastle/
Redirect 301 /solar-power/new-south-wales/wollongong-solar-quotes/ /solar-power/new-south-wales/wollongong/
Redirect 301 /solar-power/new-south-wales/byron-bay-solar-quotes/ /solar-power/new-south-wales/byron-bay/
Redirect 301 /solar-power/new-south-wales/tweed-heads-solar-quotes/ /solar-power/new-south-wales/tweed-heads/
Redirect 301 /solar-power/new-south-wales/orange-solar-quotes/ /solar-power/new-south-wales/orange/

## VIC
Redirect 301 /solar-power/victoria/melbourne-solar-quotes/ /solar-power/victoria/melbourne/
Redirect 301 /solar-power/victoria/geelong-solar-quotes/ /solar-power/victoria/geelong/
Redirect 301 /solar-power/victoria/bendigo-solar-quotes/ /solar-power/victoria/bendigo/
Redirect 301 /solar-power/victoria/gippsland-solar-quotes/ /solar-power/victoria/gippsland/

## SA
Redirect 301 /solar-power/south-australia/adelaide-solar-quotes/ /solar-power/south-australia/adelaide/

## TAS
Redirect 301 /solar-power/tasmania/hobart-solar-quotes/ /solar-power/tasmania/hobart/

## WA
Redirect 301 /solar-power/western-australia/perth-solar-quotes/ /solar-power/western-australia/perth/
Redirect 301 /solar-power/western-australia/fremantle-solar-quotes/ /solar-power/western-australia/fremantle/
Redirect 301 /solar-power/western-australia/rockingham-solar-quotes/ /solar-power/western-australia/rockingham/

## NT
Redirect 301 /solar-power/northern-territory/darwin-solar-quotes/ /solar-power/northern-territory/darwin/
Redirect 301 /solar-power/northern-territory/alice-springs-solar-quotes/ /solar-power/northern-territory/alice-springs/


# BEGIN W3TC Browser Cache
<IfModule mod_mime.c>
    AddType text/css .css
    AddType text/x-component .htc
    AddType application/x-javascript .js
    AddType application/javascript .js2
    AddType text/javascript .js3
    AddType text/x-js .js4
    AddType text/html .html .htm
    AddType text/richtext .rtf .rtx
    AddType image/svg+xml .svg .svgz
    AddType text/plain .txt
    AddType text/xsd .xsd
    AddType text/xsl .xsl
    AddType text/xml .xml
    AddType video/asf .asf .asx .wax .wmv .wmx
    AddType video/avi .avi
    AddType image/bmp .bmp
    AddType application/java .class
    AddType video/divx .divx
    AddType application/msword .doc .docx
    AddType application/vnd.ms-fontobject .eot
    AddType application/x-msdownload .exe
    AddType image/gif .gif
    AddType application/x-gzip .gz .gzip
    AddType image/x-icon .ico
    AddType image/jpeg .jpg .jpeg .jpe
    AddType application/json .json
    AddType application/vnd.ms-access .mdb
    AddType audio/midi .mid .midi
    AddType video/quicktime .mov .qt
    AddType audio/mpeg .mp3 .m4a
    AddType video/mp4 .mp4 .m4v
    AddType video/mpeg .mpeg .mpg .mpe
    AddType application/vnd.ms-project .mpp
    AddType application/x-font-otf .otf
    AddType application/vnd.ms-opentype .otf
    AddType application/vnd.oasis.opendocument.database .odb
    AddType application/vnd.oasis.opendocument.chart .odc
    AddType application/vnd.oasis.opendocument.formula .odf
    AddType application/vnd.oasis.opendocument.graphics .odg
    AddType application/vnd.oasis.opendocument.presentation .odp
    AddType application/vnd.oasis.opendocument.spreadsheet .ods
    AddType application/vnd.oasis.opendocument.text .odt
    AddType audio/ogg .ogg
    AddType application/pdf .pdf
    AddType image/png .png
    AddType application/vnd.ms-powerpoint .pot .pps .ppt .pptx
    AddType audio/x-realaudio .ra .ram
    AddType application/x-shockwave-flash .swf
    AddType application/x-tar .tar
    AddType image/tiff .tif .tiff
    AddType application/x-font-ttf .ttf .ttc
    AddType application/vnd.ms-opentype .ttf .ttc
    AddType audio/wav .wav
    AddType audio/wma .wma
    AddType application/vnd.ms-write .wri
    AddType application/font-woff .woff
    AddType application/vnd.ms-excel .xla .xls .xlsx .xlt .xlw
    AddType application/zip .zip
</IfModule>
<IfModule mod_expires.c>
    ExpiresActive On
    ExpiresByType text/css A31536000
    ExpiresByType text/x-component A31536000
    ExpiresByType application/x-javascript A31536000
    ExpiresByType application/javascript A31536000
    ExpiresByType text/javascript A31536000
    ExpiresByType text/x-js A31536000
    ExpiresByType text/html A3600
    ExpiresByType text/richtext A3600
    ExpiresByType image/svg+xml A3600
    ExpiresByType text/plain A3600
    ExpiresByType text/xsd A3600
    ExpiresByType text/xsl A3600
    ExpiresByType text/xml A3600
    ExpiresByType video/asf A31536000
    ExpiresByType video/avi A31536000
    ExpiresByType image/bmp A31536000
    ExpiresByType application/java A31536000
    ExpiresByType video/divx A31536000
    ExpiresByType application/msword A31536000
    ExpiresByType application/vnd.ms-fontobject A31536000
    ExpiresByType application/x-msdownload A31536000
    ExpiresByType image/gif A31536000
    ExpiresByType application/x-gzip A31536000
    ExpiresByType image/x-icon A31536000
    ExpiresByType image/jpeg A31536000
    ExpiresByType application/json A31536000
    ExpiresByType application/vnd.ms-access A31536000
    ExpiresByType audio/midi A31536000
    ExpiresByType video/quicktime A31536000
    ExpiresByType audio/mpeg A31536000
    ExpiresByType video/mp4 A31536000
    ExpiresByType video/mpeg A31536000
    ExpiresByType application/vnd.ms-project A31536000
    ExpiresByType application/x-font-otf A31536000
    ExpiresByType application/vnd.ms-opentype A31536000
    ExpiresByType application/vnd.oasis.opendocument.database A31536000
    ExpiresByType application/vnd.oasis.opendocument.chart A31536000
    ExpiresByType application/vnd.oasis.opendocument.formula A31536000
    ExpiresByType application/vnd.oasis.opendocument.graphics A31536000
    ExpiresByType application/vnd.oasis.opendocument.presentation A31536000
    ExpiresByType application/vnd.oasis.opendocument.spreadsheet A31536000
    ExpiresByType application/vnd.oasis.opendocument.text A31536000
    ExpiresByType audio/ogg A31536000
    ExpiresByType application/pdf A31536000
    ExpiresByType image/png A31536000
    ExpiresByType application/vnd.ms-powerpoint A31536000
    ExpiresByType audio/x-realaudio A31536000
    ExpiresByType image/svg+xml A31536000
    ExpiresByType application/x-shockwave-flash A31536000
    ExpiresByType application/x-tar A31536000
    ExpiresByType image/tiff A31536000
    ExpiresByType application/x-font-ttf A31536000
    ExpiresByType application/vnd.ms-opentype A31536000
    ExpiresByType audio/wav A31536000
    ExpiresByType audio/wma A31536000
    ExpiresByType application/vnd.ms-write A31536000
    ExpiresByType application/font-woff A31536000
    ExpiresByType application/vnd.ms-excel A31536000
    ExpiresByType application/zip A31536000
</IfModule>
<IfModule mod_deflate.c>
    <IfModule mod_headers.c>
        Header append Vary User-Agent env=!dont-vary
    </IfModule>
        AddOutputFilterByType DEFLATE text/css text/x-component application/x-javascript application/javascript text/javascript text/x-js text/html text/richtext image/svg+xml text/plain text/xsd text/xsl text/xml image/x-icon application/json
    <IfModule mod_mime.c>
        # DEFLATE by extension
        AddOutputFilter DEFLATE js css htm html xml
    </IfModule>
</IfModule>
<FilesMatch "\.(css|htc|less|js|js2|js3|js4|CSS|HTC|LESS|JS|JS2|JS3|JS4)$">
    FileETag MTime Size
    <IfModule mod_headers.c>
        Header set Pragma "public"
        Header append Cache-Control "public"
    </IfModule>
</FilesMatch>
<FilesMatch "\.(html|htm|rtf|rtx|svg|svgz|txt|xsd|xsl|xml|HTML|HTM|RTF|RTX|SVG|SVGZ|TXT|XSD|XSL|XML)$">
    FileETag MTime Size
    <IfModule mod_headers.c>
        Header set Pragma "public"
        Header append Cache-Control "public"
    </IfModule>
</FilesMatch>
<FilesMatch "\.(asf|asx|wax|wmv|wmx|avi|bmp|class|divx|doc|docx|eot|exe|gif|gz|gzip|ico|jpg|jpeg|jpe|json|mdb|mid|midi|mov|qt|mp3|m4a|mp4|m4v|mpeg|mpg|mpe|mpp|otf|odb|odc|odf|odg|odp|ods|odt|ogg|pdf|png|pot|pps|ppt|pptx|ra|ram|svg|svgz|swf|tar|tif|tiff|ttf|ttc|wav|wma|wri|woff|xla|xls|xlsx|xlt|xlw|zip|ASF|ASX|WAX|WMV|WMX|AVI|BMP|CLASS|DIVX|DOC|DOCX|EOT|EXE|GIF|GZ|GZIP|ICO|JPG|JPEG|JPE|JSON|MDB|MID|MIDI|MOV|QT|MP3|M4A|MP4|M4V|MPEG|MPG|MPE|MPP|OTF|ODB|ODC|ODF|ODG|ODP|ODS|ODT|OGG|PDF|PNG|POT|PPS|PPT|PPTX|RA|RAM|SVG|SVGZ|SWF|TAR|TIF|TIFF|TTF|TTC|WAV|WMA|WRI|WOFF|XLA|XLS|XLSX|XLT|XLW|ZIP)$">
    FileETag MTime Size
    <IfModule mod_headers.c>
        Header set Pragma "public"
        Header append Cache-Control "public"
    </IfModule>
</FilesMatch>
# END W3TC Browser Cache
# BEGIN WordPress
<IfModule mod_rewrite.c>
RewriteEngine On
RewriteBase /
RewriteRule ^index\.php$ - [L]
RewriteCond %{REQUEST_FILENAME} !-f
RewriteCond %{REQUEST_FILENAME} !-d
RewriteRule . /index.php [L]
</IfModule>

# END WordPress

# BEGIN SSL on booking pages
# END SSL on booking pages

Redirect 301 /solar-installers/rivers-solar-and-electrical/	/solar-installers/rivers-solar-and-electrical-services
Redirect 301 /solar-installers/solargreen/	/solar-installers/solar-green/
Redirect 301 /solar-installers/sunsource-energy/ /solar-installers/sunsource-group/
Redirect 301 /solar-installers/enviren-solar-vic/ /solar-installers/enviren/
Redirect 301 /solar-installers/enviren-solar-nsw/ /solar-installers/enviren/
Redirect 301 /solar-installers/enviren-solar-qld/ /solar-installers/enviren/
Redirect 301 /solar-installers/enviren-solar-brisbane/ /solar-installers/enviren/
Redirect 301 /solar-installers/enviren-enterprises/ /solar-installers/enviren/
Redirect 301 /category/solar-rss/	/category/technology/solar-power/
Redirect 301 /category/industry-development/solar-forcast/	/category/industry-development/forcast/
Redirect 301 /category/technology/electric-vehicles/ /category/transport/electric-cars/
Redirect 301 /category/technology/hybrid-engine/	/category/transport/hybrid-engine/
Redirect 301 /category/technology/solar-powered-boat/	/category/transport/solar-powered-boat/
Redirect 301 /category/technology/solar-powered-car/	/category/transport/solar-powered-car/
Redirect 301 /category/technology/solar-powered-drones/	/category/transport/solar-powered-drones/
Redirect 301 /category/technology/solar-powered-plane/	/category/transport/solar-powered-plane/
Redirect 301 /category/australian-government-2/renewable-energy-target-australian-government-2	/category/politics/renewable-energy-target/
Redirect 301 /category/australian-government-2/government-grants-funding/ /category/politics/grants-funding/
Redirect 301 /category/australian-government-2/ /category/politics/australian-government/

#Redirect 301 /category/australian-government/	/category/politics/australian-government/
Redirect 301 /category/solar-blog/	/category/blog/
Redirect 301 /category/solar-blog/coal-seam-gas/	/category/blog/coal-seam-gas/
Redirect 301 /category/solar-blog/electricity-substations/	/category/blog/electricity-substations/
Redirect 301 /category/solar-blog/geothermal-energy/	/category/blog/geothermal-energy/
Redirect 301 /category/solar-blog/home/	/category/blog/home/
Redirect 301 /category/solar-blog/solar-inverters-solar-blog/	/category/blog/inverters
Redirect 301 /category/solar-blog/new-power-meter-installations/	/category/blog/new-power-meter-installations/
Redirect 301 /category/solar-blog/power-stations-solar-blog/	/category/blog/power-stations
Redirect 301 /category/solar-blog/safety/	/category/blog/safety/
Redirect 301 /category/solar-blog/solar-panels-solar-blog/	/category/blog/solar-panels

Redirect 301 /buyers-guide/types-of-solar-power-systems/ /buyers-guide/solar-power-systems/
Redirect 301 /global-renewable-energy-project-succeeds-with-participatory-system/ /renewable-energy-project-succeeds-participatory-system/
Redirect 301 /renewable-energy-project-succeeds-participatory-system/ /global-renewable-energy-project/
Redirect 301 /wave-energy-devices-receive-10m-in-funding-for-testing/ /wave-energy-receive-10m-in-funding-for-testing/
Redirect 301 /wave-energy-receive-10m-in-funding-for-testing/ /wave-energy-receive-10m-in-funding/
Redirect 301 /wind-farm-mark-ikeas-biggest-renewable-investment-to-date/ /wind-farm-ikeas-biggest-renewable-investment-to-date/
Redirect 301 /solar-power/new-south-wales/woolongong /solar-power/new-south-wales/woollongong
Redirect 301 /buyers-guide/solar-panel-prices-2/ /buyers-guide/solar-panel-prices/
Redirect 301 /solar-installers/sae-group-brisbane/ /solar-installers/sae-group/
Redirect 301 /solar-installers/citisolar-3/	/solar-installers/citisolar-qld/

Redirect 301 /solar-installers/metro-solar-sa/	/solar-installers/metro-solar/
Redirect 301 /solar-installers/metro-solar-wa/	/solar-installers/metro-solar/
Redirect 301 /solar-installers/metro-solar-qld/	/solar-installers/metro-solar/
Redirect 301 /solar-installers/metro-solar-vic/	/solar-installers/metro-solar/

Redirect 301 /solar-installers/energy-aware-nt/	/solar-installers/energy-aware/
Redirect 301 /solar-installers/energy-aware-qld/	/solar-installers/energy-aware/
Redirect 301 /solar-installers/energy-aware-nsw/	/solar-installers/energy-aware/
Redirect 301 /solar-installers/energy-aware-sa/	/solar-installers/energy-aware/
Redirect 301 /solar-installers/energy-aware-tas/	/solar-installers/energy-aware/
Redirect 301 /solar-installers/energy-aware-vic/	/solar-installers/energy-aware/


Redirect 301 /solar-installers/modern-group/	/solar-installers/modern-solar/
Redirect 301 /solar-installers/bramalco/	/solar-installers/modern-solar/
Redirect 301 /solar-installers/modern-group-companies/	/solar-installers/modern-solar/
Redirect 301 /solar-installers/glen-clark/	/solar-installers/glen-clark-and-co/
Redirect 301 /solar-installers/solar-panels-hot-water-2/	/solar-installers/solar-panels-hot-water/

Redirect 301 /solar-installers/mark-group-wa/	/solar-installers/mark-group/
Redirect 301 /solar-installers/mark-group-nt/	/solar-installers/mark-group/
Redirect 301 /solar-installers/mark-group-tas/	/solar-installers/mark-group/
Redirect 301 /solar-installers/mark-group-sa/	/solar-installers/mark-group/
Redirect 301 /solar-installers/mark-group-nsw/	/solar-installers/mark-group/
Redirect 301 /solar-installers/mark-group-qld/	/solar-installers/mark-group/
Redirect 301 /solar-installers/mark-group-vic/	/solar-installers/mark-group/

Redirect 301 /solar-installers/solargreen/	/solar-installers/solar-green/


Redirect 301 /solar-installers/solar-link/	/solar-installers/solar-link-australia/
Redirect 301 /solar-installers/solar-link-australia-nt/	/solar-installers/solar-link-australia/
Redirect 301 /solar-installers/solar-link-australia-tas/	/solar-installers/solar-link-australia/
Redirect 301 /solar-installers/solar-link-australia-sa/	/solar-installers/solar-link-australia/
Redirect 301 /solar-installers/solar-link-australia-nsw/	/solar-installers/solar-link-australia/
Redirect 301 /solar-installers/solar-link-sydney/	/solar-installers/solar-link-australia/
Redirect 301 /solar-installers/solar-link-australia-wa/	/solar-installers/solar-link-australia/
Redirect 301 /solar-installers/solar-link-australia-vic/	/solar-installers/solar-link-australia/
Redirect 301 /solar-installers/solar-link-brisbane/	/solar-installers/solar-link-australia/
Redirect 301 /solar-installers/solar-link-gold-coast/	/solar-installers/solar-link-australia/
Redirect 301 /solar-installers/solar-link-melbourne/ 	/solar-installers/solar-link-australia/
Redirect 301 /solar-installers/suntech-solar/	/solar-installers/ausuntech-solar/
Redirect 301 /solar-installers/linc-electrical-2/	/solar-installers/linc-electrical/

Redirect 301 /solar-installers/solar-link-melbourne/	/solar-installers/solar-link-australia/ 
Redirect 301 /solar-installers/solar-link-gold-coast/	/solar-installers/solar-link-australia/
Redirect 301 /solar-installers/solar-link-sydney/	/solar-installers/solar-link-australia/
Redirect 301 /solar-installers/euro-solar-vic/	/solar-installers/euro-solar-qld/
Redirect 301 /solar-installers/madison-australia-pty-ltd/	/solar-installers/madison-australia/
Redirect 301 /solar-installers/absolute-energy-solutions-2	/solar-installers/absolute-energy-solutions
Redirect 301 /solar-installers/empyreal-energy/ /solar-installers/empyreal-energy-international/
Redirect 301 /solar-installers/design-ecology-2/	/solar-installers/design-ecology/


RewriteEngine On
RewriteCond %{REQUEST_URI}  ^/$
RewriteCond %{QUERY_STRING} ^page_id=314$
RewriteRule ^(.*)$ https://www.australiansolarquotes.com.au/buyers-guide/solar-panel-prices [R=301,L]

# Block all http and https referrals from semalt.com, darodar.com and all related subdomains
RewriteEngine on
RewriteCond %{HTTP_REFERER} ^https?://([^.]+\.)*semalt\.com [NC,OR]
RewriteCond %{HTTP_REFERER} ^https?://([^.]+\.)*darodar\.com [NC]
RewriteRule .* – [F]

# BAN USER BY IP
<Limit GET POST>
 order allow,deny
 allow from all
 deny from 78.46.105.110
</Limit>
